{"_step":47,"trainer/global_step":43,"train_loss_epoch":12.805648803710938,"_wandb":{"runtime":59},"valid_loss":1.0666295289993286,"ptl/val_loss":1.0666295289993286,"_timestamp":1.768522960270831e+09,"_runtime":59,"epoch":43}