{"train_loss_epoch":5.917647361755371,"_wandb":{"runtime":309},"valid_loss":2.5379161834716797,"ptl/val_loss":2.5379161834716797,"_step":10,"epoch":9,"_timestamp":1.7685234334502304e+09,"_runtime":309,"trainer/global_step":9}